id,gardenId,row,col,plantId,customLabel,plantedDate
berry-0-0,berry,0,0,,,
berry-0-1,berry,0,1,,,
berry-1-0,berry,1,0,,,
berry-1-1,berry,1,1,,,
berry-10-0,berry,10,0,,,
berry-10-1,berry,10,1,,,
berry-2-0,berry,2,0,,,
berry-2-1,berry,2,1,,,
berry-3-0,berry,3,0,,,
berry-3-1,berry,3,1,,,
berry-4-0,berry,4,0,,,
berry-4-1,berry,4,1,,,
berry-5-0,berry,5,0,,,
berry-5-1,berry,5,1,,,
berry-6-0,berry,6,0,,,
berry-6-1,berry,6,1,,,
berry-7-0,berry,7,0,,,
berry-7-1,berry,7,1,,,
berry-8-0,berry,8,0,,,
berry-8-1,berry,8,1,,,
berry-9-0,berry,9,0,,,
berry-9-1,berry,9,1,,,
bog-0-0,bog,0,0,,,
bog-0-1,bog,0,1,,,
bog-0-2,bog,0,2,,,
bog-0-3,bog,0,3,,,
bog-0-4,bog,0,4,,,
bog-1-0,bog,1,0,,,
bog-1-1,bog,1,1,,,
bog-1-2,bog,1,2,,,
bog-1-3,bog,1,3,,,
bog-1-4,bog,1,4,,,
bog-2-0,bog,2,0,,,
bog-2-1,bog,2,1,,,
bog-2-2,bog,2,2,,,
bog-2-3,bog,2,3,,,
bog-2-4,bog,2,4,,,
bog-3-0,bog,3,0,,,
bog-3-1,bog,3,1,,,
bog-3-2,bog,3,2,,,
bog-3-3,bog,3,3,,,
bog-3-4,bog,3,4,,,
bog-4-0,bog,4,0,,,
bog-4-1,bog,4,1,,,
bog-4-2,bog,4,2,,,
bog-4-3,bog,4,3,,,
bog-4-4,bog,4,4,,,
compost-0-0,compost,0,0,,,
fence-0-0,fence,0,0,,,
fence-0-1,fence,0,1,,,
fence-0-10,fence,0,10,,,
fence-0-11,fence,0,11,,,
fence-0-2,fence,0,2,,,
fence-0-3,fence,0,3,,,
fence-0-4,fence,0,4,,,
fence-0-5,fence,0,5,,,
fence-0-6,fence,0,6,,,
fence-0-7,fence,0,7,,,
fence-0-8,fence,0,8,,,
fence-0-9,fence,0,9,,,
fence-1-0,fence,1,0,,,
fence-1-1,fence,1,1,,,
fence-1-10,fence,1,10,,,
fence-1-11,fence,1,11,,,
fence-1-2,fence,1,2,,,
fence-1-3,fence,1,3,,,
fence-1-4,fence,1,4,,,
fence-1-5,fence,1,5,,,
fence-1-6,fence,1,6,,,
fence-1-7,fence,1,7,,,
fence-1-8,fence,1,8,,,
fence-1-9,fence,1,9,,,
fence-2-0,fence,2,0,,,
fence-2-1,fence,2,1,,,
fence-2-10,fence,2,10,,,
fence-2-11,fence,2,11,,,
fence-2-2,fence,2,2,,,
fence-2-3,fence,2,3,,,
fence-2-4,fence,2,4,,,
fence-2-5,fence,2,5,,,
fence-2-6,fence,2,6,,,
fence-2-7,fence,2,7,,,
fence-2-8,fence,2,8,,,
fence-2-9,fence,2,9,,,
raised1-0-0,raised1,0,0,,,
raised1-0-1,raised1,0,1,,,
raised1-1-0,raised1,1,0,,,
raised1-1-1,raised1,1,1,,,
raised1-2-0,raised1,2,0,,,
raised1-2-1,raised1,2,1,,,
raised1-3-0,raised1,3,0,,,
raised1-3-1,raised1,3,1,,,
raised1-4-0,raised1,4,0,,,
raised1-4-1,raised1,4,1,,,
strawberry-0-0,strawberry,0,0,,,
strawberry-0-1,strawberry,0,1,,,
strawberry-0-2,strawberry,0,2,,,
strawberry-0-3,strawberry,0,3,,,
strawberry-0-4,strawberry,0,4,,,
strawberry-1-0,strawberry,1,0,,,
strawberry-1-1,strawberry,1,1,,,
strawberry-1-2,strawberry,1,2,,,
strawberry-1-3,strawberry,1,3,,,
strawberry-1-4,strawberry,1,4,,,
strawberry-2-0,strawberry,2,0,,,
strawberry-2-1,strawberry,2,1,,,
strawberry-2-2,strawberry,2,2,,,
strawberry-2-3,strawberry,2,3,,,
strawberry-2-4,strawberry,2,4,,,
strawberry-3-0,strawberry,3,0,,,
strawberry-3-1,strawberry,3,1,,,
strawberry-3-2,strawberry,3,2,,,
strawberry-3-3,strawberry,3,3,,,
strawberry-3-4,strawberry,3,4,,,
strawberry-4-0,strawberry,4,0,,,
strawberry-4-1,strawberry,4,1,,,
strawberry-4-2,strawberry,4,2,,,
strawberry-4-3,strawberry,4,3,,,
strawberry-4-4,strawberry,4,4,,,
sunflower-0-0,sunflower,0,0,,,
sunflower-0-1,sunflower,0,1,,,
sunflower-0-2,sunflower,0,2,,,
sunflower-0-3,sunflower,0,3,,,
sunflower-0-4,sunflower,0,4,,,
sunflower-1-0,sunflower,1,0,,,
sunflower-1-1,sunflower,1,1,,,
sunflower-1-2,sunflower,1,2,,,
sunflower-1-3,sunflower,1,3,,,
sunflower-1-4,sunflower,1,4,,,
sunflower-2-0,sunflower,2,0,,,
sunflower-2-1,sunflower,2,1,,,
sunflower-2-2,sunflower,2,2,,,
sunflower-2-3,sunflower,2,3,,,
sunflower-2-4,sunflower,2,4,,,
sunflower-3-0,sunflower,3,0,,,
sunflower-3-1,sunflower,3,1,,,
sunflower-3-2,sunflower,3,2,,,
sunflower-3-3,sunflower,3,3,,,
sunflower-3-4,sunflower,3,4,,,
sunflower-4-0,sunflower,4,0,,,
sunflower-4-1,sunflower,4,1,,,
sunflower-4-2,sunflower,4,2,,,
sunflower-4-3,sunflower,4,3,,,
sunflower-4-4,sunflower,4,4,,,
vegetable-0-0,vegetable,0,0,,,
vegetable-0-1,vegetable,0,1,,,
vegetable-0-2,vegetable,0,2,,,
vegetable-0-3,vegetable,0,3,,,
vegetable-0-4,vegetable,0,4,,,
vegetable-1-0,vegetable,1,0,,,
vegetable-1-1,vegetable,1,1,,,
vegetable-1-2,vegetable,1,2,,,
vegetable-1-3,vegetable,1,3,,,
vegetable-1-4,vegetable,1,4,,,
vegetable-2-0,vegetable,2,0,,,
vegetable-2-1,vegetable,2,1,,,
vegetable-2-2,vegetable,2,2,,,
vegetable-2-3,vegetable,2,3,,,
vegetable-2-4,vegetable,2,4,,,
vegetable-3-0,vegetable,3,0,,,
vegetable-3-1,vegetable,3,1,,,
vegetable-3-2,vegetable,3,2,,,
vegetable-3-3,vegetable,3,3,,,
vegetable-3-4,vegetable,3,4,,,
vegetable-4-0,vegetable,4,0,,,
vegetable-4-1,vegetable,4,1,,,
vegetable-4-2,vegetable,4,2,,,
vegetable-4-3,vegetable,4,3,,,
vegetable-4-4,vegetable,4,4,,,